{
  "day_of_week": 0.09680962961204262,
  "is_weekend": 0.024584804391843917,
  "sales_90d": 0.023251764191844916,
  "avg_daily_sales_30d": 0.017288583286502186,
  "sales_14d": 0.01486053469269791,
  "sales_7d": 0.012085401226726942,
  "sales_trend_30d": 0.01070704148484443,
  "day_of_month": 0.010249850190778105,
  "sales_trend_7d": 0.008606531135893488,
  "avg_daily_sales_7d": 0.0068958426995189325,
  "is_holiday": 0.005134876574679519,
  "week_of_year": 0.00474964072560911,
  "sales_volatility_7d": 0.0017022685752027906,
  "sales_30d": 0.0007164741609645182,
  "sales_volatility_30d": 0.00012854365018517578,
  "month": 0.0,
  "quarter": 0.0,
  "is_month_start": 0.0,
  "is_month_end": 0.0,
  "days_since_last_sale": 0.0,
  "max_daily_sales_30d": 0.0,
  "min_daily_sales_30d": 0.0,
  "category_encoded": 0.0,
  "is_promotion_active": 0.0,
  "temperature": 0.0,
  "precipitation": 0.0,
  "oil_price": 0.0,
  "rejection_rate_30d": 0.0,
  "avg_qty_adjustment_pct": 0.0,
  "forecast_trust_score": 0.0
}